Product_ID,hourly_units_sold
1068002,
1068002,0.0
1068002,0.0
1068002,0.0
1068002,0.0
1068002,0.0
1068002,0.0
1068002,0.0
1068002,0.0
1068002,0.0
1068002,0.0
1068002,0.0
1068002,877.0
1068002,0.0
1068002,0.0
1068002,0.0
1068002,0.0
1068002,0.0
1068002,0.0
1068002,0.0
1068002,0.0
1068002,0.0
1068002,0.0
1068002,0.0
1068002,0.0
1068002,0.0
1068002,0.0
1068002,0.0
1068002,-255.0
1068002,0.0
1068002,0.0
1068002,0.0
1068002,0.0
1068002,0.0
1068002,0.0
1068002,0.0
1068002,-129.0
1068002,0.0
1068002,0.0
1068002,0.0
1068002,0.0
1068002,0.0
1068002,0.0
1068002,0.0
1068002,0.0
1068002,0.0
1068002,0.0
1068002,0.0
1068002,0.0
1068002,-471.0
1068002,0.0
1068002,0.0
1068002,0.0
1068002,0.0
1068002,0.0
1068002,0.0
1068002,0.0
1068002,0.0
1068002,0.0
1068002,0.0
1068002,-759.0
1068002,0.0
1068002,0.0
1068002,-1.0
1068002,-15.0
1068002,0.0
1067995,
1067995,0.0
1067995,0.0
1067995,0.0
1067995,-109.0
1067995,0.0
1067995,0.0
1067995,0.0
1067995,0.0
1067995,0.0
1067995,0.0
1067995,0.0
1067995,-139.0
1067995,0.0
1067995,0.0
1067995,0.0
1067995,0.0
1067995,0.0
1067995,0.0
1067995,0.0
1067995,0.0
1067995,0.0
1067995,0.0
1067995,0.0
1067995,0.0
1067995,0.0
1067995,0.0
1067995,0.0
1067995,0.0
1067995,0.0
1067995,0.0
1067995,-301.0
1067995,0.0
1067995,0.0
1067995,0.0
1067995,0.0
1067995,-128.0
1067995,0.0
1067995,0.0
1067995,0.0
1067995,0.0
1067995,0.0
1067995,0.0
1067995,0.0
1067995,0.0
1067995,0.0
1067995,0.0
1067995,0.0
1067995,0.0
1067995,-450.0
1067995,0.0
1067995,0.0
1067995,0.0
1067995,0.0
1067995,-226.0
1067995,0.0
1067995,0.0
1067995,0.0
1067995,0.0
1067995,0.0
1067995,-394.0
1067995,0.0
1067995,0.0
1067995,-10.0
1067995,-17.0
1067995,0.0
1067998,
1067998,0.0
1067998,0.0
1067998,0.0
1067998,1255.0
1067998,0.0
1067998,0.0
1067998,0.0
1067998,0.0
1067998,0.0
1067998,0.0
1067998,0.0
1067998,-68.0
1067998,0.0
1067998,0.0
1067998,0.0
1067998,0.0
1067998,0.0
1067998,0.0
1067998,0.0
1067998,0.0
1067998,0.0
1067998,0.0
1067998,0.0
1067998,0.0
1067998,0.0
1067998,0.0
1067998,0.0
1067998,0.0
1067998,0.0
1067998,0.0
1067998,-142.0
1067998,0.0
1067998,0.0
1067998,0.0
1067998,0.0
1067998,-62.0
1067998,0.0
1067998,0.0
1067998,0.0
1067998,0.0
1067998,0.0
1067998,0.0
1067998,0.0
1067998,0.0
1067998,0.0
1067998,0.0
1067998,0.0
1067998,0.0
1067998,-210.0
1067998,0.0
1067998,0.0
1067998,0.0
1067998,0.0
1067998,0.0
1067998,0.0
1067998,0.0
1067998,0.0
1067998,0.0
1067998,0.0
1067998,-360.0
1067998,0.0
1067998,0.0
1067998,-3.0
1067998,-7.0
1067998,0.0
1067996,
1067996,0.0
1067996,0.0
1067996,0.0
1067996,0.0
1067996,0.0
1067996,0.0
1067996,0.0
1067996,0.0
1067996,0.0
1067996,0.0
1067996,0.0
1067996,71.0
1067996,0.0
1067996,0.0
1067996,0.0
1067996,0.0
1067996,0.0
1067996,0.0
1067996,0.0
1067996,0.0
1067996,0.0
1067996,0.0
1067996,0.0
1067996,0.0
1067996,0.0
1067996,0.0
1067996,0.0
1067996,0.0
1067996,0.0
1067996,0.0
1067996,-102.0
1067996,0.0
1067996,0.0
1067996,0.0
1067996,0.0
1067996,-72.0
1067996,0.0
1067996,0.0
1067996,0.0
1067996,0.0
1067996,0.0
1067996,0.0
1067996,0.0
1067996,0.0
1067996,0.0
1067996,0.0
1067996,0.0
1067996,0.0
1067996,-279.0
1067996,0.0
1067996,0.0
1067996,0.0
1067996,0.0
1067996,0.0
1067996,0.0
1067996,0.0
1067996,0.0
1067996,0.0
1067996,0.0
1067996,-365.0
1067996,0.0
1067996,0.0
1067996,0.0
1067996,0.0
1067996,0.0
1067997,
1067997,0.0
1067997,0.0
1067997,0.0
1067997,0.0
1067997,0.0
1067997,0.0
1067997,0.0
1067997,0.0
1067997,0.0
1067997,0.0
1067997,0.0
1067997,174.0
1067997,0.0
1067997,0.0
1067997,0.0
1067997,0.0
1067997,0.0
1067997,0.0
1067997,0.0
1067997,0.0
1067997,0.0
1067997,0.0
1067997,0.0
1067997,0.0
1067997,0.0
1067997,0.0
1067997,0.0
1067997,0.0
1067997,0.0
1067997,0.0
1067997,-62.0
1067997,0.0
1067997,0.0
1067997,0.0
1067997,0.0
1067997,-35.0
1067997,0.0
1067997,0.0
1067997,0.0
1067997,0.0
1067997,0.0
1067997,0.0
1067997,0.0
1067997,0.0
1067997,0.0
1067997,0.0
1067997,0.0
1067997,0.0
1067997,-116.0
1067997,0.0
1067997,0.0
1067997,0.0
1067997,0.0
1067997,0.0
1067997,0.0
1067997,0.0
1067997,0.0
1067997,0.0
1067997,0.0
1067997,-247.0
1067997,0.0
1067997,0.0
1067997,0.0
1067997,0.0
1067997,0.0
1068001,
1068001,0.0
1068001,0.0
1068001,0.0
1068001,0.0
1068001,0.0
1068001,0.0
1068001,0.0
1068001,0.0
1068001,0.0
1068001,0.0
1068001,0.0
1068001,145.0
1068001,0.0
1068001,0.0
1068001,0.0
1068001,0.0
1068001,0.0
1068001,0.0
1068001,0.0
1068001,0.0
1068001,0.0
1068001,0.0
1068001,0.0
1068001,0.0
1068001,0.0
1068001,0.0
1068001,0.0
1068001,0.0
1068001,0.0
1068001,0.0
1068001,-80.0
1068001,0.0
1068001,0.0
1068001,0.0
1068001,0.0
1068001,-56.0
1068001,0.0
1068001,0.0
1068001,0.0
1068001,0.0
1068001,0.0
1068001,0.0
1068001,0.0
1068001,0.0
1068001,0.0
1068001,0.0
1068001,0.0
1068001,0.0
1068001,-167.0
1068001,0.0
1068001,0.0
1068001,0.0
1068001,0.0
1068001,0.0
1068001,0.0
1068001,0.0
1068001,0.0
1068001,0.0
1068001,0.0
1068001,-245.0
1068001,0.0
1068001,0.0
1068001,0.0
1068001,0.0
1068001,0.0
1067999,
1067999,0.0
1067999,0.0
1067999,0.0
1067999,0.0
1067999,0.0
1067999,0.0
1067999,0.0
1067999,0.0
1067999,0.0
1067999,0.0
1067999,0.0
1067999,260.0
1067999,0.0
1067999,0.0
1067999,0.0
1067999,0.0
1067999,0.0
1067999,0.0
1067999,0.0
1067999,0.0
1067999,0.0
1067999,0.0
1067999,-81.0
1067999,0.0
1067999,-7.0
1067999,0.0
1067999,0.0
1067999,0.0
1067999,0.0
1067999,0.0
1067999,-26.0
1067999,0.0
1067999,0.0
1067999,0.0
1067999,0.0
1067999,-66.0
1067999,0.0
1067999,0.0
1067999,0.0
1067999,0.0
1067999,0.0
1067999,0.0
1067999,0.0
1067999,0.0
1067999,0.0
1067999,0.0
1067999,0.0
1067999,0.0
1067999,-255.0
1067999,0.0
1067999,0.0
1067999,0.0
1067999,0.0
1067999,0.0
1067999,0.0
1067999,0.0
1067999,0.0
1067999,0.0
1067999,0.0
1067999,-406.0
1067999,0.0
1067999,0.0
1067999,0.0
1067999,0.0
1067999,0.0
1068000,
1068000,0.0
1068000,0.0
1068000,0.0
1068000,0.0
1068000,0.0
1068000,0.0
1068000,0.0
1068000,0.0
1068000,0.0
1068000,0.0
1068000,0.0
1068000,66.0
1068000,0.0
1068000,0.0
1068000,0.0
1068000,0.0
1068000,0.0
1068000,0.0
1068000,0.0
1068000,0.0
1068000,0.0
1068000,0.0
1068000,0.0
1068000,0.0
1068000,0.0
1068000,0.0
1068000,0.0
1068000,0.0
1068000,0.0
1068000,0.0
1068000,-55.0
1068000,0.0
1068000,0.0
1068000,0.0
1068000,0.0
1068000,-32.0
1068000,0.0
1068000,0.0
1068000,0.0
1068000,0.0
1068000,0.0
1068000,0.0
1068000,0.0
1068000,0.0
1068000,0.0
1068000,0.0
1068000,0.0
1068000,0.0
1068000,-133.0
1068000,0.0
1068000,0.0
1068000,0.0
1068000,0.0
1068000,0.0
1068000,0.0
1068000,0.0
1068000,0.0
1068000,0.0
1068000,0.0
1068000,-184.0
1068000,0.0
1068000,0.0
1068000,0.0
1068000,0.0
1068000,0.0
1130913,
1130913,0.0
1130913,0.0
1130913,0.0
1130913,0.0
1130913,0.0
1130913,0.0
1130913,0.0
1130913,0.0
1130913,0.0
1130913,0.0
1130913,0.0
1130913,-217.0
1130913,0.0
1130913,0.0
1130913,0.0
1130913,0.0
1130913,0.0
1130913,0.0
1130913,0.0
1130913,0.0
1130913,0.0
1130913,0.0
1130913,0.0
1130913,0.0
1130913,0.0
1130913,0.0
1130913,0.0
1130913,0.0
1130913,0.0
1130913,-131.0
1130913,0.0
1130913,0.0
1130913,0.0
1130913,0.0
1130913,0.0
1130913,-64.0
1130913,0.0
1130913,0.0
1130913,0.0
1130913,0.0
1130913,0.0
1130913,0.0
1130913,0.0
1130913,0.0
1130913,0.0
1130913,0.0
1130913,0.0
1130913,0.0
1130913,-186.0
1130913,0.0
1130913,0.0
1130913,0.0
1130913,0.0
1130913,0.0
1130913,0.0
1130913,0.0
1130913,0.0
1130913,0.0
1130913,0.0
1130913,-254.0
1130913,0.0
1130913,0.0
1130913,-13.0
1130913,-6.0
1130913,0.0
1252974,
1252974,0.0
1252974,0.0
1252974,0.0
1252974,0.0
1252974,0.0
1252974,0.0
1252974,0.0
1252974,0.0
1252974,0.0
1252974,0.0
1252974,0.0
1252974,215.0
1252974,0.0
1252974,0.0
1252974,0.0
1252974,0.0
1252974,0.0
1252974,0.0
1252974,0.0
1252974,0.0
1252974,0.0
1252974,0.0
1252974,-21.0
1252974,0.0
1252974,0.0
1252974,-13.0
1252974,0.0
1252974,-5.0
1252974,0.0
1252974,0.0
1252974,0.0
1252974,0.0
1252974,0.0
1252974,0.0
1252974,0.0
1252974,-24.0
1252974,0.0
1252974,0.0
1252974,0.0
1252974,0.0
1252974,0.0
1252974,0.0
1252974,-32.0
1252974,-8.0
1252974,0.0
1252974,0.0
1252974,0.0
1252974,0.0
1252974,-48.0
1252974,0.0
1252974,0.0
1252974,0.0
1252974,0.0
1252974,0.0
1252974,0.0
1252974,0.0
1252974,0.0
1252974,0.0
1252974,0.0
1252974,-135.0
1252974,0.0
1252974,0.0
1252974,0.0
1252974,0.0
1252974,0.0
1068004,
1068004,0.0
1068004,0.0
1068004,0.0
1068004,0.0
1068004,0.0
1068004,0.0
1068004,0.0
1068004,0.0
1068004,0.0
1068004,0.0
1068004,0.0
1068004,102.0
1068004,0.0
1068004,0.0
1068004,0.0
1068004,0.0
1068004,0.0
1068004,0.0
1068004,0.0
1068004,0.0
1068004,0.0
1068004,0.0
1068004,0.0
1068004,0.0
1068004,0.0
1068004,0.0
1068004,0.0
1068004,0.0
1068004,0.0
1068004,0.0
1068004,-26.0
1068004,0.0
1068004,0.0
1068004,0.0
1068004,0.0
1068004,-11.0
1068004,0.0
1068004,0.0
1068004,0.0
1068004,0.0
1068004,0.0
1068004,0.0
1068004,0.0
1068004,0.0
1068004,0.0
1068004,0.0
1068004,0.0
1068004,0.0
1068004,-64.0
1068004,0.0
1068004,0.0
1068004,0.0
1068004,0.0
1068004,0.0
1068004,0.0
1068004,0.0
1068004,0.0
1068004,0.0
1068004,0.0
1068004,-83.0
1068004,0.0
1068004,0.0
1068004,0.0
1068004,0.0
1068004,0.0
1068467,
1068467,0.0
1068467,0.0
1068467,0.0
1068467,0.0
1068467,0.0
1068467,0.0
1068467,0.0
1068467,0.0
1068467,0.0
1068467,0.0
1068467,0.0
1068467,431.0
1068467,0.0
1068467,0.0
1068467,0.0
1068467,0.0
1068467,0.0
1068467,0.0
1068467,0.0
1068467,0.0
1068467,0.0
1068467,0.0
1068467,0.0
1068467,0.0
1068467,0.0
1068467,0.0
1068467,0.0
1068467,0.0
1068467,0.0
1068467,-169.0
1068467,0.0
1068467,0.0
1068467,0.0
1068467,0.0
1068467,0.0
1068467,-88.0
1068467,0.0
1068467,0.0
1068467,0.0
1068467,0.0
1068467,0.0
1068467,0.0
1068467,0.0
1068467,0.0
1068467,0.0
1068467,0.0
1068467,0.0
1068467,0.0
1068467,-284.0
1068467,0.0
1068467,0.0
1068467,0.0
1068467,0.0
1068467,-139.0
1068467,0.0
1068467,0.0
1068467,0.0
1068467,0.0
1068467,0.0
1068467,-285.0
1068467,0.0
1068467,0.0
1068467,-14.0
1068467,0.0
1068467,0.0
1411967,
1411967,0.0
1411967,0.0
1411967,0.0
1411967,0.0
1411967,0.0
1411967,0.0
1411967,0.0
1411967,0.0
1411967,0.0
1411967,0.0
1411967,0.0
1411967,-55.0
1411967,0.0
1411967,0.0
1411967,0.0
1411967,0.0
1411967,0.0
1411967,0.0
1411967,0.0
1411967,0.0
1411967,0.0
1411967,0.0
1411967,0.0
1411967,0.0
1411967,0.0
1411967,0.0
1411967,0.0
1411967,0.0
1411967,0.0
1411967,-21.0
1411967,0.0
1411967,0.0
1411967,0.0
1411967,0.0
1411967,0.0
1411967,-17.0
1411967,0.0
1411967,0.0
1411967,0.0
1411967,0.0
1411967,0.0
1411967,0.0
1411967,0.0
1411967,0.0
1411967,0.0
1411967,0.0
1411967,0.0
1411967,0.0
1411967,-80.0
1411967,0.0
1411967,0.0
1411967,0.0
1411967,0.0
1411967,0.0
1411967,0.0
1411967,0.0
1411967,0.0
1411967,0.0
1411967,0.0
1411967,-123.0
1411967,0.0
1411967,0.0
1411967,0.0
1411967,0.0
1411967,0.0
1252975,
1252975,0.0
1252975,0.0
1252975,0.0
1252975,0.0
1252975,0.0
1252975,0.0
1252975,0.0
1252975,0.0
1252975,0.0
1252975,0.0
1252975,0.0
1252975,107.0
1252975,0.0
1252975,0.0
1252975,0.0
1252975,0.0
1252975,0.0
1252975,0.0
1252975,0.0
1252975,0.0
1252975,0.0
1252975,0.0
1252975,0.0
1252975,0.0
1252975,0.0
1252975,0.0
1252975,0.0
1252975,0.0
1252975,0.0
1252975,-19.0
1252975,0.0
1252975,0.0
1252975,0.0
1252975,0.0
1252975,0.0
1252975,-16.0
1252975,0.0
1252975,0.0
1252975,0.0
1252975,0.0
1252975,0.0
1252975,0.0
1252975,0.0
1252975,0.0
1252975,0.0
1252975,0.0
1252975,0.0
1252975,0.0
1252975,-58.0
1252975,0.0
1252975,0.0
1252975,0.0
1252975,0.0
1252975,0.0
1252975,0.0
1252975,0.0
1252975,0.0
1252975,0.0
1252975,0.0
1252975,-110.0
1252975,0.0
1252975,0.0
1252975,0.0
1252975,0.0
1252975,0.0
1068005,
1068005,0.0
1068005,0.0
1068005,0.0
1068005,0.0
1068005,0.0
1068005,0.0
1068005,0.0
1068005,0.0
1068005,0.0
1068005,0.0
1068005,0.0
1068005,-47.0
1068005,0.0
1068005,0.0
1068005,0.0
1068005,0.0
1068005,0.0
1068005,0.0
1068005,0.0
1068005,0.0
1068005,0.0
1068005,0.0
1068005,0.0
1068005,0.0
1068005,0.0
1068005,0.0
1068005,0.0
1068005,0.0
1068005,0.0
1068005,0.0
1068005,-19.0
1068005,0.0
1068005,0.0
1068005,0.0
1068005,0.0
1068005,-5.0
1068005,0.0
1068005,0.0
1068005,0.0
1068005,0.0
1068005,0.0
1068005,0.0
1068005,0.0
1068005,0.0
1068005,0.0
1068005,0.0
1068005,0.0
1068005,0.0
1068005,-86.0
1068005,0.0
1068005,0.0
1068005,0.0
1068005,0.0
1068005,0.0
1068005,0.0
1068005,0.0
1068005,0.0
1068005,0.0
1068005,0.0
1068005,-101.0
1068005,0.0
1068005,0.0
1068005,0.0
1068005,0.0
1068005,0.0
1338610,
1338610,0.0
1338610,0.0
1338610,0.0
1338610,0.0
1338610,0.0
1338610,0.0
1338610,0.0
1338610,0.0
1338610,0.0
1338610,0.0
1338610,0.0
1338610,-98.0
1338610,0.0
1338610,0.0
1338610,0.0
1338610,0.0
1338610,0.0
1338610,0.0
1338610,0.0
1338610,0.0
1338610,0.0
1338610,0.0
1338610,0.0
1338610,0.0
1338610,0.0
1338610,0.0
1338610,0.0
1338610,0.0
1338610,0.0
1338610,-87.0
1338610,0.0
1338610,0.0
1338610,0.0
1338610,0.0
1338610,0.0
1338610,-35.0
1338610,0.0
1338610,0.0
1338610,0.0
1338610,0.0
1338610,0.0
1338610,0.0
1338610,0.0
1338610,0.0
1338610,0.0
1338610,0.0
1338610,0.0
1338610,0.0
1338610,-169.0
1338610,0.0
1338610,0.0
1338610,0.0
1338610,0.0
1338610,0.0
1338610,0.0
1338610,0.0
1338610,0.0
1338610,0.0
1338610,0.0
1338610,-224.0
1338610,0.0
1338610,0.0
1338610,-6.0
1338610,0.0
1338610,0.0
1467106,
1467106,0.0
1467106,0.0
1467106,0.0
1467106,0.0
1467106,0.0
1467106,0.0
1467106,0.0
1467106,0.0
1467106,0.0
1467106,0.0
1467106,0.0
1467106,-216.0
1467106,0.0
1467106,0.0
1467106,0.0
1467106,0.0
1467106,0.0
1467106,0.0
1467106,0.0
1467106,0.0
1467106,0.0
1467106,0.0
1467106,0.0
1467106,0.0
1467106,0.0
1467106,0.0
1467106,0.0
1467106,0.0
1467106,0.0
1467106,-144.0
1467106,0.0
1467106,0.0
1467106,0.0
1467106,0.0
1467106,0.0
1467106,-69.0
1467106,0.0
1467106,0.0
1467106,0.0
1467106,0.0
1467106,0.0
1467106,0.0
1467106,0.0
1467106,0.0
1467106,0.0
1467106,0.0
1467106,0.0
1467106,0.0
1467106,-181.0
1467106,0.0
1467106,0.0
1467106,0.0
1467106,0.0
1467106,0.0
1467106,0.0
1467106,0.0
1467106,0.0
1467106,0.0
1467106,0.0
1467106,-295.0
1467106,0.0
1467106,0.0
1467106,0.0
1467106,0.0
1467106,0.0
1018088,
1018088,0.0
1018088,0.0
1018088,0.0
1018088,0.0
1018088,0.0
1018088,0.0
1018088,0.0
1018088,0.0
1018088,0.0
1018088,0.0
1018088,0.0
1018088,-131.0
1018088,0.0
1018088,0.0
1018088,0.0
1018088,0.0
1018088,0.0
1018088,0.0
1018088,0.0
1018088,0.0
1018088,0.0
1018088,0.0
1018088,0.0
1018088,0.0
1018088,0.0
1018088,0.0
1018088,0.0
1018088,0.0
1018088,0.0
1018088,0.0
1018088,0.0
1018088,0.0
1018088,0.0
1018088,0.0
1018088,0.0
1018088,-110.0
1018088,0.0
1018088,0.0
1018088,0.0
1018088,0.0
1018088,0.0
1018088,0.0
1018088,0.0
1018088,0.0
1018088,0.0
1018088,0.0
1018088,0.0
1018088,0.0
1018088,0.0
1018088,0.0
1018088,0.0
1018088,0.0
1018088,0.0
1018088,0.0
1018088,0.0
1018088,0.0
1018088,0.0
1018088,0.0
1018088,0.0
1018088,-143.0
1018088,0.0
1018088,0.0
1018088,0.0
1018088,0.0
1018088,0.0
1068003,
1068003,0.0
1068003,0.0
1068003,0.0
1068003,0.0
1068003,0.0
1068003,0.0
1068003,0.0
1068003,0.0
1068003,0.0
1068003,0.0
1068003,0.0
1068003,-25.0
1068003,0.0
1068003,0.0
1068003,0.0
1068003,0.0
1068003,0.0
1068003,0.0
1068003,0.0
1068003,0.0
1068003,0.0
1068003,0.0
1068003,0.0
1068003,0.0
1068003,0.0
1068003,0.0
1068003,0.0
1068003,0.0
1068003,0.0
1068003,0.0
1068003,-13.0
1068003,0.0
1068003,0.0
1068003,0.0
1068003,0.0
1068003,-10.0
1068003,0.0
1068003,0.0
1068003,0.0
1068003,0.0
1068003,0.0
1068003,0.0
1068003,0.0
1068003,0.0
1068003,0.0
1068003,0.0
1068003,0.0
1068003,0.0
1068003,-43.0
1068003,0.0
1068003,0.0
1068003,0.0
1068003,0.0
1068003,0.0
1068003,0.0
1068003,0.0
1068003,0.0
1068003,0.0
1068003,0.0
1068003,-44.0
1068003,0.0
1068003,0.0
1068003,0.0
1068003,0.0
1068003,0.0
1172653,
1172653,0.0
1172653,0.0
1172653,0.0
1172653,0.0
1172653,0.0
1172653,0.0
1172653,0.0
1172653,0.0
1172653,0.0
1172653,0.0
1172653,0.0
1172653,-36.0
1172653,0.0
1172653,0.0
1172653,0.0
1172653,0.0
1172653,0.0
1172653,0.0
1172653,0.0
1172653,0.0
1172653,0.0
1172653,0.0
1172653,0.0
1172653,0.0
1172653,0.0
1172653,0.0
1172653,0.0
1172653,0.0
1172653,0.0
1172653,0.0
1172653,0.0
1172653,0.0
1172653,0.0
1172653,0.0
1172653,0.0
1172653,-23.0
1172653,0.0
1172653,0.0
1172653,0.0
1172653,0.0
1172653,0.0
1172653,0.0
1172653,0.0
1172653,0.0
1172653,0.0
1172653,0.0
1172653,0.0
1172653,0.0
1172653,0.0
1172653,0.0
1172653,0.0
1172653,0.0
1172653,0.0
1172653,0.0
1172653,0.0
1172653,0.0
1172653,0.0
1172653,0.0
1172653,0.0
1172653,-35.0
1172653,0.0
1172653,0.0
1172653,0.0
1172653,0.0
1172653,0.0
1018089,
1018089,0.0
1018089,0.0
1018089,0.0
1018089,0.0
1018089,0.0
1018089,0.0
1018089,0.0
1018089,0.0
1018089,0.0
1018089,0.0
1018089,0.0
1018089,-44.0
1018089,0.0
1018089,0.0
1018089,0.0
1018089,0.0
1018089,0.0
1018089,0.0
1018089,0.0
1018089,0.0
1018089,0.0
1018089,0.0
1018089,0.0
1018089,0.0
1018089,0.0
1018089,0.0
1018089,0.0
1018089,0.0
1018089,0.0
1018089,0.0
1018089,0.0
1018089,0.0
1018089,0.0
1018089,0.0
1018089,0.0
1018089,-59.0
1018089,0.0
1018089,0.0
1018089,0.0
1018089,0.0
1018089,0.0
1018089,0.0
1018089,0.0
1018089,0.0
1018089,0.0
1018089,0.0
1018089,0.0
1018089,0.0
1018089,0.0
1018089,0.0
1018089,0.0
1018089,0.0
1018089,0.0
1018089,0.0
1018089,0.0
1018089,0.0
1018089,0.0
1018089,0.0
1018089,0.0
1018089,-45.0
1018089,0.0
1018089,0.0
1018089,0.0
1018089,0.0
1018089,0.0
1172654,
1172654,0.0
1172654,0.0
1172654,0.0
1172654,0.0
1172654,0.0
1172654,0.0
1172654,0.0
1172654,0.0
1172654,0.0
1172654,0.0
1172654,0.0
1172654,-101.0
1172654,0.0
1172654,0.0
1172654,0.0
1172654,0.0
1172654,0.0
1172654,0.0
1172654,0.0
1172654,0.0
1172654,0.0
1172654,0.0
1172654,0.0
1172654,0.0
1172654,0.0
1172654,0.0
1172654,0.0
1172654,0.0
1172654,0.0
1172654,0.0
1172654,0.0
1172654,0.0
1172654,0.0
1172654,0.0
1172654,0.0
1172654,-87.0
1172654,0.0
1172654,0.0
1172654,0.0
1172654,0.0
1172654,0.0
1172654,0.0
1172654,0.0
1172654,0.0
1172654,0.0
1172654,0.0
1172654,0.0
1172654,0.0
1172654,0.0
1172654,0.0
1172654,0.0
1172654,0.0
1172654,0.0
1172654,0.0
1172654,0.0
1172654,0.0
1172654,0.0
1172654,0.0
1172654,0.0
1172654,-85.0
1172654,0.0
1172654,0.0
1172654,0.0
1172654,0.0
1172654,0.0
1172655,
1172655,0.0
1172655,0.0
1172655,0.0
1172655,0.0
1172655,0.0
1172655,0.0
1172655,0.0
1172655,0.0
1172655,0.0
1172655,0.0
1172655,0.0
1172655,-20.0
1172655,0.0
1172655,0.0
1172655,0.0
1172655,0.0
1172655,0.0
1172655,0.0
1172655,0.0
1172655,0.0
1172655,0.0
1172655,0.0
1172655,0.0
1172655,0.0
1172655,0.0
1172655,0.0
1172655,0.0
1172655,0.0
1172655,0.0
1172655,0.0
1172655,0.0
1172655,0.0
1172655,0.0
1172655,0.0
1172655,0.0
1172655,-19.0
1172655,0.0
1172655,0.0
1172655,0.0
1172655,0.0
1172655,0.0
1172655,0.0
1172655,0.0
1172655,0.0
1172655,0.0
1172655,0.0
1172655,0.0
1172655,0.0
1172655,0.0
1172655,0.0
1172655,0.0
1172655,0.0
1172655,0.0
1172655,0.0
1172655,0.0
1172655,0.0
1172655,0.0
1172655,0.0
1172655,0.0
1172655,-22.0
1172655,0.0
1172655,0.0
1172655,0.0
1172655,0.0
1172655,0.0
1018096,
1018096,0.0
1018096,0.0
1018096,0.0
1018096,0.0
1018096,0.0
1018096,0.0
1018096,0.0
1018096,0.0
1018096,0.0
1018096,0.0
1018096,0.0
1018096,-55.0
1018096,0.0
1018096,0.0
1018096,0.0
1018096,0.0
1018096,0.0
1018096,0.0
1018096,0.0
1018096,0.0
1018096,0.0
1018096,0.0
1018096,0.0
1018096,0.0
1018096,0.0
1018096,0.0
1018096,0.0
1018096,0.0
1018096,0.0
1018096,0.0
1018096,0.0
1018096,0.0
1018096,0.0
1018096,0.0
1018096,0.0
1018096,-58.0
1018096,0.0
1018096,0.0
1018096,0.0
1018096,0.0
1018096,0.0
1018096,0.0
1018096,0.0
1018096,0.0
1018096,0.0
1018096,0.0
1018096,0.0
1018096,0.0
1018096,0.0
1018096,0.0
1018096,0.0
1018096,0.0
1018096,0.0
1018096,0.0
1018096,0.0
1018096,0.0
1018096,0.0
1018096,0.0
1018096,0.0
1018096,-49.0
1018096,0.0
1018096,0.0
1018096,0.0
1018096,0.0
1018096,0.0
1172652,
1172652,0.0
1172652,0.0
1172652,0.0
1172652,0.0
1172652,0.0
1172652,0.0
1172652,0.0
1172652,0.0
1172652,0.0
1172652,0.0
1172652,0.0
1172652,-33.0
1172652,0.0
1172652,0.0
1172652,0.0
1172652,0.0
1172652,0.0
1172652,0.0
1172652,0.0
1172652,0.0
1172652,0.0
1172652,0.0
1172652,0.0
1172652,0.0
1172652,0.0
1172652,0.0
1172652,0.0
1172652,0.0
1172652,0.0
1172652,0.0
1172652,0.0
1172652,0.0
1172652,0.0
1172652,0.0
1172652,0.0
1172652,-24.0
1172652,0.0
1172652,0.0
1172652,0.0
1172652,0.0
1172652,0.0
1172652,0.0
1172652,0.0
1172652,0.0
1172652,0.0
1172652,0.0
1172652,0.0
1172652,0.0
1172652,0.0
1172652,0.0
1172652,0.0
1172652,0.0
1172652,0.0
1172652,0.0
1172652,0.0
1172652,0.0
1172652,0.0
1172652,0.0
1172652,0.0
1172652,-29.0
1172652,0.0
1172652,0.0
1172652,0.0
1172652,0.0
1172652,0.0
2812175,
2812175,0.0
2812175,0.0
2812175,0.0
2812175,0.0
2812175,0.0
2812175,0.0
2812175,0.0
2812175,0.0
2812175,0.0
2812175,0.0
2812175,0.0
2812175,0.0
2812175,0.0
2812175,0.0
2812175,0.0
2812175,0.0
2812175,0.0
2812175,0.0
2812175,0.0
2812175,0.0
2812175,0.0
2812175,0.0
2812175,598.0
2812175,0.0
2812175,0.0
2812175,0.0
2812175,0.0
2812175,-13.0
2812175,0.0
2812175,0.0
2812175,0.0
2812175,0.0
2812175,0.0
2812175,0.0
2812175,0.0
2812175,-18.0
2812175,0.0
2812175,0.0
2812175,0.0
2812175,0.0
2812175,0.0
2812175,0.0
2812175,0.0
2812175,0.0
2812175,0.0
2812175,0.0
2812175,0.0
2812175,0.0
2812175,-180.0
2812175,0.0
2812175,0.0
2812175,0.0
2812175,-25.0
2812175,0.0
2812175,0.0
2812175,0.0
2812175,0.0
2812175,0.0
2812175,0.0
2812175,-194.0
2812175,0.0
2812175,0.0
2812175,0.0
2812175,0.0
2812175,0.0
1330517,
1330517,0.0
1330517,0.0
1330517,0.0
1330517,0.0
1330517,0.0
1330517,0.0
1330517,0.0
1330517,0.0
1330517,0.0
1330517,0.0
1330517,0.0
1330517,-5.0
1330517,0.0
1330517,0.0
1330517,0.0
1330517,0.0
1330517,0.0
1330517,0.0
1330517,0.0
1330517,0.0
1330517,0.0
1330517,0.0
1330517,0.0
1330517,0.0
1330517,0.0
1330517,0.0
1330517,0.0
1330517,0.0
1330517,0.0
1330517,0.0
1330517,0.0
1330517,0.0
1330517,0.0
1330517,0.0
1330517,0.0
1330517,-3.0
1330517,0.0
1330517,0.0
1330517,0.0
1330517,0.0
1330517,0.0
1330517,0.0
1330517,0.0
1330517,0.0
1330517,0.0
1330517,0.0
1330517,0.0
1330517,0.0
1330517,0.0
1330517,0.0
1330517,0.0
1330517,0.0
1330517,0.0
1330517,0.0
1330517,0.0
1330517,0.0
1330517,0.0
1330517,0.0
1330517,0.0
1330517,-9.0
1330517,0.0
1330517,0.0
1330517,0.0
1330517,0.0
1330517,0.0
2645490,
2645490,0.0
2645490,0.0
2645490,0.0
2645490,0.0
2645490,0.0
2645490,0.0
2645490,0.0
2645490,0.0
2645490,0.0
2645490,0.0
2645490,0.0
2645490,-169.0
2645490,0.0
2645490,0.0
2645490,0.0
2645490,0.0
2645490,0.0
2645490,0.0
2645490,0.0
2645490,0.0
2645490,0.0
2645490,0.0
2645490,0.0
2645490,0.0
2645490,0.0
2645490,0.0
2645490,0.0
2645490,0.0
2645490,0.0
2645490,0.0
2645490,0.0
2645490,0.0
2645490,0.0
2645490,0.0
2645490,0.0
2645490,-61.0
2645490,0.0
2645490,0.0
2645490,0.0
2645490,0.0
2645490,0.0
2645490,0.0
2645490,0.0
2645490,0.0
2645490,0.0
2645490,0.0
2645490,0.0
2645490,0.0
2645490,0.0
2645490,0.0
2645490,0.0
2645490,0.0
2645490,0.0
2645490,0.0
2645490,0.0
2645490,0.0
2645490,0.0
2645490,0.0
2645490,0.0
2645490,-1.0
2645490,0.0
2645490,0.0
2645490,0.0
2645490,0.0
2645490,0.0
2785351,
2785351,0.0
2785351,0.0
2785351,0.0
2785351,0.0
2785351,0.0
2785351,0.0
2785351,0.0
2785351,0.0
2785351,0.0
2785351,0.0
2785351,0.0
2785351,-1.0
2785351,0.0
2785351,0.0
2785351,0.0
2785351,0.0
2785351,0.0
2785351,0.0
2785351,0.0
2785351,0.0
2785351,0.0
2785351,0.0
2785351,0.0
2785351,0.0
2785351,0.0
2785351,0.0
2785351,0.0
2785351,0.0
2785351,0.0
2785351,0.0
2785351,0.0
2785351,0.0
2785351,0.0
2785351,0.0
2785351,0.0
2785351,0.0
2785351,0.0
2785351,0.0
2785351,0.0
2785351,0.0
2785351,0.0
2785351,0.0
2785351,0.0
2785351,0.0
2785351,0.0
2785351,0.0
2785351,0.0
2785351,0.0
2785351,0.0
2785351,0.0
2785351,0.0
2785351,0.0
2785351,0.0
2785351,0.0
2785351,0.0
2785351,0.0
2785351,0.0
2785351,0.0
2785351,0.0
2785351,-2.0
2785351,0.0
2785351,0.0
2785351,0.0
2785351,0.0
2785351,0.0
1256851,
1256851,0.0
1256851,0.0
1256851,0.0
1256851,0.0
1256851,0.0
1256851,0.0
1256851,0.0
1256851,0.0
1256851,0.0
1256851,0.0
1256851,0.0
1256851,-10.0
1256851,0.0
1256851,0.0
1256851,0.0
1256851,0.0
1256851,0.0
1256851,0.0
1256851,0.0
1256851,0.0
1256851,0.0
1256851,0.0
1256851,0.0
1256851,0.0
1256851,0.0
1256851,0.0
1256851,0.0
1256851,0.0
1256851,0.0
1256851,0.0
1256851,0.0
1256851,0.0
1256851,0.0
1256851,0.0
1256851,0.0
1256851,-4.0
1256851,0.0
1256851,0.0
1256851,0.0
1256851,0.0
1256851,0.0
1256851,0.0
1256851,0.0
1256851,0.0
1256851,0.0
1256851,0.0
1256851,0.0
1256851,0.0
1256851,0.0
1256851,0.0
1256851,0.0
1256851,0.0
1256851,0.0
1256851,0.0
1256851,0.0
1256851,0.0
1256851,0.0
1256851,0.0
1256851,0.0
1256851,-4.0
1256851,0.0
1256851,0.0
1256851,0.0
1256851,0.0
1256851,0.0
1172651,
1172651,0.0
1172651,0.0
1172651,0.0
1172651,0.0
1172651,0.0
1172651,0.0
1172651,0.0
1172651,0.0
1172651,0.0
1172651,0.0
1172651,0.0
1172651,-223.0
1172651,0.0
1172651,0.0
1172651,0.0
1172651,0.0
1172651,0.0
1172651,0.0
1172651,0.0
1172651,0.0
1172651,0.0
1172651,0.0
1172651,0.0
1172651,0.0
1172651,0.0
1172651,0.0
1172651,0.0
1172651,0.0
1172651,0.0
1172651,0.0
1172651,0.0
1172651,0.0
1172651,0.0
1172651,0.0
1172651,0.0
1172651,-170.0
1172651,0.0
1172651,0.0
1172651,0.0
1172651,0.0
1172651,0.0
1172651,0.0
1172651,0.0
1172651,0.0
1172651,0.0
1172651,0.0
1172651,0.0
1172651,0.0
1172651,0.0
1172651,0.0
1172651,0.0
1172651,0.0
1172651,0.0
1172651,0.0
1172651,0.0
1172651,0.0
1172651,0.0
1172651,0.0
1172651,0.0
1172651,-169.0
1172651,0.0
1172651,0.0
1172651,0.0
1172651,0.0
1172651,0.0
1018099,
1018099,0.0
1018099,0.0
1018099,0.0
1018099,0.0
1018099,0.0
1018099,0.0
1018099,0.0
1018099,0.0
1018099,0.0
1018099,0.0
1018099,0.0
1018099,-36.0
1018099,0.0
1018099,0.0
1018099,0.0
1018099,0.0
1018099,0.0
1018099,0.0
1018099,0.0
1018099,0.0
1018099,0.0
1018099,0.0
1018099,-15.0
1018099,0.0
1018099,0.0
1018099,0.0
1018099,0.0
1018099,0.0
1018099,0.0
1018099,0.0
1018099,0.0
1018099,0.0
1018099,0.0
1018099,0.0
1018099,0.0
1018099,-16.0
1018099,0.0
1018099,0.0
1018099,0.0
1018099,0.0
1018099,0.0
1018099,0.0
1018099,0.0
1018099,0.0
1018099,0.0
1018099,0.0
1018099,0.0
1018099,0.0
1018099,0.0
1018099,0.0
1018099,0.0
1018099,0.0
1018099,0.0
1018099,0.0
1018099,0.0
1018099,0.0
1018099,0.0
1018099,0.0
1018099,0.0
1018099,-34.0
1018099,0.0
1018099,0.0
1018099,0.0
1018099,0.0
1018099,0.0
2812174,
2812174,0.0
2812174,0.0
2812174,0.0
2812174,0.0
2812174,0.0
2812174,0.0
2812174,0.0
2812174,0.0
2812174,0.0
2812174,0.0
2812174,0.0
2812174,0.0
2812174,0.0
2812174,0.0
2812174,0.0
2812174,0.0
2812174,0.0
2812174,0.0
2812174,0.0
2812174,0.0
2812174,0.0
2812174,0.0
2812174,717.0
2812174,0.0
2812174,0.0
2812174,0.0
2812174,0.0
2812174,0.0
2812174,0.0
2812174,-38.0
2812174,0.0
2812174,0.0
2812174,0.0
2812174,0.0
2812174,0.0
2812174,-62.0
2812174,0.0
2812174,0.0
2812174,0.0
2812174,0.0
2812174,0.0
2812174,0.0
2812174,0.0
2812174,0.0
2812174,0.0
2812174,-259.0
2812174,0.0
2812174,0.0
2812174,-40.0
2812174,0.0
2812174,0.0
2812174,0.0
2812174,0.0
2812174,0.0
2812174,0.0
2812174,-318.0
2812174,0.0
2812174,0.0
2812174,0.0
2812174,0.0
2812174,0.0
2812174,0.0
2812174,0.0
2812174,0.0
2812174,0.0
1018100,
1018100,0.0
1018100,0.0
1018100,0.0
1018100,0.0
1018100,0.0
1018100,0.0
1018100,0.0
1018100,0.0
1018100,0.0
1018100,0.0
1018100,0.0
1018100,-9.0
1018100,0.0
1018100,0.0
1018100,0.0
1018100,0.0
1018100,0.0
1018100,0.0
1018100,0.0
1018100,0.0
1018100,0.0
1018100,0.0
1018100,0.0
1018100,0.0
1018100,0.0
1018100,0.0
1018100,0.0
1018100,0.0
1018100,0.0
1018100,0.0
1018100,0.0
1018100,0.0
1018100,0.0
1018100,0.0
1018100,0.0
1018100,-2.0
1018100,0.0
1018100,0.0
1018100,0.0
1018100,0.0
1018100,0.0
1018100,0.0
1018100,0.0
1018100,0.0
1018100,0.0
1018100,0.0
1018100,0.0
1018100,0.0
1018100,0.0
1018100,0.0
1018100,0.0
1018100,0.0
1018100,0.0
1018100,0.0
1018100,0.0
1018100,0.0
1018100,0.0
1018100,0.0
1018100,0.0
1018100,-5.0
1018100,0.0
1018100,0.0
1018100,0.0
1018100,0.0
1018100,0.0
2737562,
2737562,0.0
2737562,0.0
2737562,0.0
2737562,0.0
2737562,0.0
2737562,0.0
2737562,0.0
2737562,0.0
2737562,0.0
2737562,0.0
2737562,0.0
2737562,-4.0
2737562,0.0
2737562,0.0
2737562,0.0
2737562,0.0
2737562,0.0
2737562,0.0
2737562,0.0
2737562,0.0
2737562,0.0
2737562,0.0
2737562,0.0
2737562,0.0
2737562,0.0
2737562,0.0
2737562,0.0
2737562,0.0
2737562,0.0
2737562,0.0
2737562,0.0
2737562,0.0
2737562,0.0
2737562,0.0
2737562,0.0
2737562,-7.0
2737562,0.0
2737562,0.0
2737562,0.0
2737562,0.0
2737562,0.0
2737562,0.0
2737562,0.0
2737562,0.0
2737562,0.0
2737562,0.0
2737562,0.0
2737562,0.0
2737562,0.0
2737562,0.0
2737562,0.0
2737562,0.0
2737562,0.0
2737562,0.0
2737562,0.0
2737562,0.0
2737562,0.0
2737562,0.0
2737562,0.0
2737562,-8.0
2737562,0.0
2737562,0.0
2737562,0.0
2737562,0.0
2737562,0.0
1018098,
1018098,0.0
1018098,0.0
1018098,0.0
1018098,0.0
1018098,0.0
1018098,0.0
1018098,0.0
1018098,0.0
1018098,0.0
1018098,0.0
1018098,0.0
1018098,-10.0
1018098,0.0
1018098,0.0
1018098,0.0
1018098,0.0
1018098,0.0
1018098,0.0
1018098,0.0
1018098,0.0
1018098,0.0
1018098,0.0
1018098,0.0
1018098,0.0
1018098,0.0
1018098,0.0
1018098,0.0
1018098,0.0
1018098,0.0
1018098,0.0
1018098,0.0
1018098,0.0
1018098,0.0
1018098,0.0
1018098,0.0
1018098,0.0
1018098,-22.0
1018098,0.0
1018098,0.0
1018098,0.0
1018098,0.0
1018098,0.0
1018098,0.0
1018098,0.0
1018098,0.0
1018098,0.0
1018098,0.0
1018098,0.0
1018098,0.0
1018098,0.0
1018098,0.0
1018098,0.0
1018098,0.0
1018098,0.0
1018098,0.0
1018098,0.0
1018098,0.0
1018098,0.0
1018098,0.0
1018098,-18.0
1018098,0.0
1018098,0.0
1018098,0.0
1018098,0.0
1018098,0.0
1018090,
1018090,
1018090,
1018090,
1018090,
1018090,
1018090,
1018090,
1018090,
1018090,
1018090,
1018090,
1018090,
1018090,
1018090,
1018090,
1018090,
1018090,
1018090,
1018090,
1018090,
1018090,
1018090,
1018090,
1018090,
1018090,
1018090,
1018090,
1018090,
1018090,
1018090,
1018090,
1018090,
1018090,
1018090,
1018090,
1018090,
1018090,
1018090,
1018090,
1018090,
1018090,
1018090,
1018090,
1018090,
1018090,
1018090,
1018090,
1018090,
1018090,
1018090,
1018090,
1018090,
1018090,
1018090,
1018090,
1018090,
1018090,
1018090,
1018090,
1018090,
1018090,
1018090,
1018090,
1018090,
1018090,
1018101,
1018101,
1018101,
1018101,
1018101,
1018101,
1018101,
1018101,
1018101,
1018101,
1018101,
1018101,
1018101,
1018101,
1018101,
1018101,
1018101,
1018101,
1018101,
1018101,
1018101,
1018101,
1018101,
1018101,
1018101,
1018101,
1018101,
1018101,
1018101,
1018101,
1018101,
1018101,
1018101,
1018101,
1018101,
1018101,
1018101,
1018101,
1018101,
1018101,
1018101,
1018101,
1018101,
1018101,
1018101,
1018101,
1018101,
1018101,
1018101,
1018101,
1018101,
1018101,
1018101,
1018101,
1018101,
1018101,
1018101,
1018101,
1018101,
1018101,
1018101,
1018101,
1018101,
1018101,
1018101,
1018101,
1172650,
1172650,0.0
1172650,0.0
1172650,0.0
1172650,0.0
1172650,0.0
1172650,0.0
1172650,0.0
1172650,0.0
1172650,0.0
1172650,0.0
1172650,0.0
1172650,-19.0
1172650,0.0
1172650,0.0
1172650,0.0
1172650,0.0
1172650,0.0
1172650,0.0
1172650,0.0
1172650,0.0
1172650,0.0
1172650,0.0
1172650,0.0
1172650,0.0
1172650,0.0
1172650,0.0
1172650,0.0
1172650,0.0
1172650,0.0
1172650,0.0
1172650,0.0
1172650,0.0
1172650,0.0
1172650,0.0
1172650,0.0
1172650,-12.0
1172650,0.0
1172650,0.0
1172650,0.0
1172650,0.0
1172650,0.0
1172650,0.0
1172650,0.0
1172650,0.0
1172650,0.0
1172650,0.0
1172650,0.0
1172650,0.0
1172650,0.0
1172650,0.0
1172650,0.0
1172650,0.0
1172650,0.0
1172650,0.0
1172650,0.0
1172650,0.0
1172650,0.0
1172650,0.0
1172650,0.0
1172650,-19.0
1172650,0.0
1172650,0.0
1172650,0.0
1172650,0.0
1172650,0.0
1018082,
1018082,0.0
1018082,0.0
1018082,0.0
1018082,0.0
1018082,0.0
1018082,0.0
1018082,0.0
1018082,0.0
1018082,0.0
1018082,0.0
1018082,0.0
1018082,-4.0
1018082,0.0
1018082,0.0
1018082,0.0
1018082,0.0
1018082,0.0
1018082,0.0
1018082,0.0
1018082,0.0
1018082,0.0
1018082,0.0
1018082,0.0
1018082,0.0
1018082,0.0
1018082,0.0
1018082,0.0
1018082,0.0
1018082,0.0
1018082,0.0
1018082,0.0
1018082,0.0
1018082,0.0
1018082,0.0
1018082,0.0
1018082,-2.0
1018082,0.0
1018082,0.0
1018082,0.0
1018082,0.0
1018082,0.0
1018082,0.0
1018082,0.0
1018082,0.0
1018082,0.0
1018082,0.0
1018082,0.0
1018082,0.0
1018082,0.0
1018082,0.0
1018082,0.0
1018082,0.0
1018082,0.0
1018082,0.0
1018082,0.0
1018082,0.0
1018082,0.0
1018082,0.0
1018082,0.0
1018082,-5.0
1018082,0.0
1018082,0.0
1018082,0.0
1018082,0.0
1018082,0.0
1342898,
1342898,0.0
1342898,0.0
1342898,0.0
1342898,0.0
1342898,0.0
1342898,0.0
1342898,0.0
1342898,0.0
1342898,0.0
1342898,0.0
1342898,0.0
1342898,-23.0
1342898,0.0
1342898,0.0
1342898,0.0
1342898,0.0
1342898,0.0
1342898,0.0
1342898,0.0
1342898,0.0
1342898,0.0
1342898,0.0
1342898,0.0
1342898,0.0
1342898,0.0
1342898,0.0
1342898,0.0
1342898,0.0
1342898,0.0
1342898,0.0
1342898,0.0
1342898,0.0
1342898,0.0
1342898,0.0
1342898,0.0
1342898,-17.0
1342898,0.0
1342898,0.0
1342898,0.0
1342898,0.0
1342898,0.0
1342898,0.0
1342898,0.0
1342898,0.0
1342898,0.0
1342898,0.0
1342898,0.0
1342898,0.0
1342898,0.0
1342898,0.0
1342898,0.0
1342898,0.0
1342898,0.0
1342898,0.0
1342898,0.0
1342898,0.0
1342898,0.0
1342898,0.0
1342898,0.0
1342898,-17.0
1342898,0.0
1342898,0.0
1342898,1.0
1342898,0.0
1342898,0.0
2737561,
2737561,
2737561,
2737561,
2737561,
2737561,
2737561,
2737561,
2737561,
2737561,
2737561,
2737561,
2737561,
2737561,
2737561,
2737561,
2737561,
2737561,
2737561,
2737561,
2737561,
2737561,
2737561,
2737561,
2737561,
2737561,
2737561,
2737561,
2737561,
2737561,
2737561,
2737561,
2737561,
2737561,
2737561,
2737561,
2737561,
2737561,
2737561,
2737561,
2737561,
2737561,
2737561,
2737561,
2737561,
2737561,
2737561,
2737561,
2737561,
2737561,
2737561,
2737561,
2737561,
2737561,
2737561,
2737561,
2737561,
2737561,
2737561,
2737561,
2737561,
2737561,
2737561,
2737561,
2737561,
2737561,
1429035,
1429035,0.0
1429035,0.0
1429035,0.0
1429035,0.0
1429035,0.0
1429035,0.0
1429035,0.0
1429035,0.0
1429035,0.0
1429035,0.0
1429035,0.0
1429035,-7.0
1429035,0.0
1429035,0.0
1429035,0.0
1429035,0.0
1429035,0.0
1429035,0.0
1429035,0.0
1429035,0.0
1429035,0.0
1429035,0.0
1429035,0.0
1429035,0.0
1429035,0.0
1429035,0.0
1429035,0.0
1429035,0.0
1429035,0.0
1429035,0.0
1429035,0.0
1429035,0.0
1429035,0.0
1429035,0.0
1429035,0.0
1429035,-7.0
1429035,0.0
1429035,0.0
1429035,0.0
1429035,0.0
1429035,0.0
1429035,0.0
1429035,0.0
1429035,0.0
1429035,0.0
1429035,0.0
1429035,0.0
1429035,0.0
1429035,0.0
1429035,0.0
1429035,0.0
1429035,0.0
1429035,0.0
1429035,0.0
1429035,0.0
1429035,0.0
1429035,0.0
1429035,0.0
1429035,0.0
1429035,-5.0
1429035,0.0
1429035,0.0
1429035,0.0
1429035,0.0
1429035,0.0
1018091,
1018091,
1018091,
1018091,
1018091,
1018091,
1018091,
1018091,
1018091,
1018091,
1018091,
1018091,
1018091,
1018091,
1018091,
1018091,
1018091,
1018091,
1018091,
1018091,
1018091,
1018091,
1018091,
1018091,
1018091,
1018091,
1018091,
1018091,
1018091,
1018091,
1018091,
1018091,
1018091,
1018091,
1018091,
1018091,
1018091,
1018091,
1018091,
1018091,
1018091,
1018091,
1018091,
1018091,
1018091,
1018091,
1018091,
1018091,
1018091,
1018091,
1018091,
1018091,
1018091,
1018091,
1018091,
1018091,
1018091,
1018091,
1018091,
1018091,
1018091,
1018091,
1018091,
1018091,
1018091,
1018091,
1315659,
1315659,0.0
1315659,0.0
1315659,0.0
1315659,0.0
1315659,0.0
1315659,0.0
1315659,0.0
1315659,0.0
1315659,0.0
1315659,0.0
1315659,0.0
1315659,-28.0
1315659,0.0
1315659,0.0
1315659,0.0
1315659,0.0
1315659,0.0
1315659,0.0
1315659,0.0
1315659,0.0
1315659,0.0
1315659,0.0
1315659,0.0
1315659,0.0
1315659,0.0
1315659,0.0
1315659,0.0
1315659,0.0
1315659,0.0
1315659,0.0
1315659,0.0
1315659,0.0
1315659,0.0
1315659,0.0
1315659,0.0
1315659,-13.0
1315659,0.0
1315659,0.0
1315659,0.0
1315659,0.0
1315659,0.0
1315659,0.0
1315659,0.0
1315659,0.0
1315659,0.0
1315659,0.0
1315659,0.0
1315659,0.0
1315659,0.0
1315659,0.0
1315659,0.0
1315659,0.0
1315659,-11.0
1315659,0.0
1315659,0.0
1315659,0.0
1315659,0.0
1315659,0.0
1315659,0.0
1315659,-8.0
1315659,0.0
1315659,0.0
1315659,0.0
1315659,0.0
1315659,0.0
1018086,
1018086,0.0
1018086,0.0
1018086,0.0
1018086,0.0
1018086,0.0
1018086,0.0
1018086,0.0
1018086,0.0
1018086,0.0
1018086,0.0
1018086,0.0
1018086,-7.0
1018086,0.0
1018086,0.0
1018086,0.0
1018086,0.0
1018086,0.0
1018086,0.0
1018086,0.0
1018086,0.0
1018086,0.0
1018086,0.0
1018086,0.0
1018086,0.0
1018086,0.0
1018086,0.0
1018086,0.0
1018086,0.0
1018086,0.0
1018086,0.0
1018086,0.0
1018086,0.0
1018086,0.0
1018086,0.0
1018086,0.0
1018086,0.0
1018086,0.0
1018086,0.0
1018086,0.0
1018086,0.0
1018086,0.0
1018086,0.0
1018086,0.0
1018086,0.0
1018086,0.0
1018086,0.0
1018086,0.0
1018086,0.0
1018086,0.0
1018086,0.0
1018086,0.0
1018086,0.0
1018086,0.0
1018086,0.0
1018086,0.0
1018086,0.0
1018086,0.0
1018086,0.0
1018086,0.0
1018086,-17.0
1018086,0.0
1018086,0.0
1018086,0.0
1018086,0.0
1018086,0.0
1022264,
1022264,
1022264,
1022264,
1022264,
1022264,
1022264,
1022264,
1022264,
1022264,
1022264,
1022264,
1022264,
1022264,
1022264,
1022264,
1022264,
1022264,
1022264,
1022264,
1022264,
1022264,
1022264,
1022264,
1022264,
1022264,
1022264,
1022264,
1022264,
1022264,
1022264,
1022264,
1022264,
1022264,
1022264,
1022264,
1022264,
1022264,
1022264,
1022264,
1022264,
1022264,
1022264,
1022264,
1022264,
1022264,
1022264,
1022264,
1022264,
1022264,
1022264,
1022264,
1022264,
1022264,
1022264,
1022264,
1022264,
1022264,
1022264,
1022264,
1022264,
1022264,
1022264,
1022264,
1022264,
1022264,
1018093,
1018093,
1018093,
1018093,
1018093,
1018093,
1018093,
1018093,
1018093,
1018093,
1018093,
1018093,
1018093,
1018093,
1018093,
1018093,
1018093,
1018093,
1018093,
1018093,
1018093,
1018093,
1018093,
1018093,
1018093,
1018093,
1018093,
1018093,
1018093,
1018093,
1018093,
1018093,
1018093,
1018093,
1018093,
1018093,
1018093,
1018093,
1018093,
1018093,
1018093,
1018093,
1018093,
1018093,
1018093,
1018093,
1018093,
1018093,
1018093,
1018093,
1018093,
1018093,
1018093,
1018093,
1018093,
1018093,
1018093,
1018093,
1018093,
1018093,
1018093,
1018093,
1018093,
1018093,
1018093,
1018093,
2777157,
2777157,0.0
2777157,0.0
2777157,0.0
2777157,0.0
2777157,0.0
2777157,0.0
2777157,0.0
2777157,0.0
2777157,0.0
2777157,0.0
2777157,0.0
2777157,-7.0
2777157,0.0
2777157,0.0
2777157,0.0
2777157,0.0
2777157,0.0
2777157,0.0
2777157,0.0
2777157,0.0
2777157,0.0
2777157,0.0
2777157,0.0
2777157,0.0
2777157,0.0
2777157,0.0
2777157,0.0
2777157,0.0
2777157,0.0
2777157,0.0
2777157,0.0
2777157,0.0
2777157,0.0
2777157,0.0
2777157,0.0
2777157,-4.0
2777157,0.0
2777157,0.0
2777157,0.0
2777157,0.0
2777157,0.0
2777157,0.0
2777157,0.0
2777157,0.0
2777157,0.0
2777157,0.0
2777157,0.0
2777157,0.0
2777157,0.0
2777157,0.0
2777157,0.0
2777157,0.0
2777157,0.0
2777157,0.0
2777157,0.0
2777157,0.0
2777157,0.0
2777157,0.0
2777157,0.0
2777157,0.0
2777157,0.0
2777157,0.0
2777157,0.0
2777157,0.0
2777157,0.0
1357301,
1357301,0.0
1357301,0.0
1357301,0.0
1357301,0.0
1357301,0.0
1357301,0.0
1357301,0.0
1357301,0.0
1357301,0.0
1357301,0.0
1357301,0.0
1357301,-1.0
1357301,0.0
1357301,0.0
1357301,0.0
1357301,0.0
1357301,0.0
1357301,0.0
1357301,0.0
1357301,0.0
1357301,0.0
1357301,0.0
1357301,0.0
1357301,0.0
1357301,0.0
1357301,0.0
1357301,0.0
1357301,0.0
1357301,0.0
1357301,0.0
1357301,0.0
1357301,0.0
1357301,0.0
1357301,0.0
1357301,0.0
1357301,-5.0
1357301,0.0
1357301,0.0
1357301,0.0
1357301,0.0
1357301,0.0
1357301,0.0
1357301,0.0
1357301,0.0
1357301,0.0
1357301,0.0
1357301,0.0
1357301,0.0
1357301,0.0
1357301,0.0
1357301,0.0
1357301,0.0
1357301,0.0
1357301,0.0
1357301,0.0
1357301,0.0
1357301,0.0
1357301,0.0
1357301,0.0
1357301,-2.0
1357301,0.0
1357301,0.0
1357301,0.0
1357301,0.0
1357301,0.0
1018094,
1018094,
1018094,
1018094,
1018094,
1018094,
1018094,
1018094,
1018094,
1018094,
1018094,
1018094,
1018094,
1018094,
1018094,
1018094,
1018094,
1018094,
1018094,
1018094,
1018094,
1018094,
1018094,
1018094,
1018094,
1018094,
1018094,
1018094,
1018094,
1018094,
1018094,
1018094,
1018094,
1018094,
1018094,
1018094,
1018094,
1018094,
1018094,
1018094,
1018094,
1018094,
1018094,
1018094,
1018094,
1018094,
1018094,
1018094,
1018094,
1018094,
1018094,
1018094,
1018094,
1018094,
1018094,
1018094,
1018094,
1018094,
1018094,
1018094,
1018094,
1018094,
1018094,
1018094,
1018094,
1018094,
1018095,
1018095,0.0
1018095,0.0
1018095,0.0
1018095,0.0
1018095,0.0
1018095,0.0
1018095,0.0
1018095,0.0
1018095,0.0
1018095,0.0
1018095,0.0
1018095,-28.0
1018095,0.0
1018095,0.0
1018095,0.0
1018095,0.0
1018095,0.0
1018095,0.0
1018095,0.0
1018095,0.0
1018095,0.0
1018095,0.0
1018095,0.0
1018095,0.0
1018095,0.0
1018095,0.0
1018095,0.0
1018095,0.0
1018095,0.0
1018095,0.0
1018095,0.0
1018095,0.0
1018095,0.0
1018095,0.0
1018095,0.0
1018095,-19.0
1018095,0.0
1018095,0.0
1018095,0.0
1018095,0.0
1018095,0.0
1018095,0.0
1018095,0.0
1018095,0.0
1018095,0.0
1018095,0.0
1018095,0.0
1018095,0.0
1018095,0.0
1018095,0.0
1018095,0.0
1018095,0.0
1018095,0.0
1018095,0.0
1018095,0.0
1018095,0.0
1018095,0.0
1018095,0.0
1018095,0.0
1018095,-23.0
1018095,0.0
1018095,0.0
1018095,0.0
1018095,0.0
1018095,0.0
2777160,
2777160,0.0
2777160,0.0
2777160,0.0
2777160,0.0
2777160,0.0
2777160,0.0
2777160,0.0
2777160,0.0
2777160,0.0
2777160,0.0
2777160,0.0
2777160,-3.0
2777160,0.0
2777160,0.0
2777160,0.0
2777160,0.0
2777160,0.0
2777160,0.0
2777160,0.0
2777160,0.0
2777160,0.0
2777160,0.0
2777160,0.0
2777160,0.0
2777160,0.0
2777160,0.0
2777160,0.0
2777160,0.0
2777160,0.0
2777160,0.0
2777160,0.0
2777160,0.0
2777160,0.0
2777160,0.0
2777160,0.0
2777160,-1.0
2777160,0.0
2777160,0.0
2777160,0.0
2777160,0.0
2777160,0.0
2777160,0.0
2777160,0.0
2777160,0.0
2777160,0.0
2777160,0.0
2777160,0.0
2777160,0.0
2777160,0.0
2777160,0.0
2777160,0.0
2777160,0.0
2777160,0.0
2777160,0.0
2777160,0.0
2777160,0.0
2777160,0.0
2777160,0.0
2777160,0.0
2777160,-5.0
2777160,0.0
2777160,0.0
2777160,0.0
2777160,0.0
2777160,0.0
1018097,
1018097,0.0
1018097,0.0
1018097,0.0
1018097,0.0
1018097,0.0
1018097,0.0
1018097,0.0
1018097,0.0
1018097,0.0
1018097,0.0
1018097,0.0
1018097,-17.0
1018097,0.0
1018097,0.0
1018097,0.0
1018097,0.0
1018097,0.0
1018097,0.0
1018097,0.0
1018097,0.0
1018097,0.0
1018097,0.0
1018097,0.0
1018097,0.0
1018097,0.0
1018097,0.0
1018097,0.0
1018097,0.0
1018097,0.0
1018097,0.0
1018097,0.0
1018097,0.0
1018097,0.0
1018097,0.0
1018097,0.0
1018097,-13.0
1018097,0.0
1018097,0.0
1018097,0.0
1018097,0.0
1018097,0.0
1018097,0.0
1018097,0.0
1018097,0.0
1018097,0.0
1018097,0.0
1018097,0.0
1018097,0.0
1018097,0.0
1018097,0.0
1018097,0.0
1018097,0.0
1018097,0.0
1018097,0.0
1018097,0.0
1018097,0.0
1018097,0.0
1018097,0.0
1018097,0.0
1018097,-21.0
1018097,0.0
1018097,0.0
1018097,0.0
1018097,0.0
1018097,0.0
1429037,
1429037,0.0
1429037,0.0
1429037,0.0
1429037,0.0
1429037,0.0
1429037,0.0
1429037,0.0
1429037,0.0
1429037,0.0
1429037,0.0
1429037,0.0
1429037,-5.0
1429037,0.0
1429037,0.0
1429037,0.0
1429037,0.0
1429037,0.0
1429037,0.0
1429037,0.0
1429037,0.0
1429037,0.0
1429037,0.0
1429037,0.0
1429037,0.0
1429037,0.0
1429037,0.0
1429037,0.0
1429037,0.0
1429037,0.0
1429037,0.0
1429037,0.0
1429037,0.0
1429037,0.0
1429037,0.0
1429037,0.0
1429037,1.0
1429037,0.0
1429037,0.0
1429037,0.0
1429037,0.0
1429037,0.0
1429037,0.0
1429037,0.0
1429037,0.0
1429037,0.0
1429037,0.0
1429037,0.0
1429037,0.0
1429037,0.0
1429037,0.0
1429037,0.0
1429037,0.0
1429037,0.0
1429037,0.0
1429037,0.0
1429037,0.0
1429037,0.0
1429037,0.0
1429037,0.0
1429037,83.0
1429037,0.0
1429037,0.0
1429037,0.0
1429037,0.0
1429037,0.0
1172649,
1172649,0.0
1172649,0.0
1172649,0.0
1172649,0.0
1172649,0.0
1172649,0.0
1172649,0.0
1172649,0.0
1172649,0.0
1172649,0.0
1172649,0.0
1172649,-3.0
1172649,0.0
1172649,0.0
1172649,0.0
1172649,0.0
1172649,0.0
1172649,0.0
1172649,0.0
1172649,0.0
1172649,0.0
1172649,0.0
1172649,0.0
1172649,0.0
1172649,0.0
1172649,0.0
1172649,0.0
1172649,0.0
1172649,0.0
1172649,0.0
1172649,0.0
1172649,0.0
1172649,0.0
1172649,0.0
1172649,0.0
1172649,-1.0
1172649,0.0
1172649,0.0
1172649,0.0
1172649,0.0
1172649,0.0
1172649,0.0
1172649,0.0
1172649,0.0
1172649,0.0
1172649,0.0
1172649,0.0
1172649,0.0
1172649,0.0
1172649,0.0
1172649,0.0
1172649,0.0
1172649,0.0
1172649,0.0
1172649,0.0
1172649,0.0
1172649,0.0
1172649,0.0
1172649,0.0
1172649,-5.0
1172649,0.0
1172649,0.0
1172649,0.0
1172649,0.0
1172649,0.0
2777162,
2777162,0.0
2777162,0.0
2777162,0.0
2777162,0.0
2777162,0.0
2777162,0.0
2777162,0.0
2777162,0.0
2777162,0.0
2777162,0.0
2777162,0.0
2777162,0.0
2777162,0.0
2777162,0.0
2777162,0.0
2777162,0.0
2777162,0.0
2777162,0.0
2777162,0.0
2777162,0.0
2777162,0.0
2777162,0.0
2777162,135.0
2777162,0.0
2777162,0.0
2777162,0.0
2777162,0.0
2777162,0.0
2777162,0.0
2777162,0.0
2777162,-1.0
2777162,0.0
2777162,0.0
2777162,0.0
2777162,0.0
2777162,-9.0
2777162,0.0
2777162,0.0
2777162,0.0
2777162,0.0
2777162,0.0
2777162,0.0
2777162,0.0
2777162,0.0
2777162,0.0
2777162,0.0
2777162,0.0
2777162,0.0
2777162,-36.0
2777162,0.0
2777162,0.0
2777162,0.0
2777162,0.0
2777162,0.0
2777162,0.0
2777162,0.0
2777162,0.0
2777162,0.0
2777162,0.0
2777162,-50.0
2777162,0.0
2777162,0.0
2777162,0.0
2777162,0.0
2777162,0.0
1018087,
1018087,0.0
1018087,0.0
1018087,0.0
1018087,0.0
1018087,0.0
1018087,0.0
1018087,0.0
1018087,0.0
1018087,0.0
1018087,0.0
1018087,0.0
1018087,-8.0
1018087,0.0
1018087,0.0
1018087,0.0
1018087,0.0
1018087,0.0
1018087,0.0
1018087,0.0
1018087,0.0
1018087,0.0
1018087,0.0
1018087,0.0
1018087,0.0
1018087,0.0
1018087,0.0
1018087,0.0
1018087,0.0
1018087,0.0
1018087,0.0
1018087,0.0
1018087,0.0
1018087,0.0
1018087,0.0
1018087,0.0
1018087,-12.0
1018087,0.0
1018087,0.0
1018087,0.0
1018087,0.0
1018087,0.0
1018087,0.0
1018087,0.0
1018087,0.0
1018087,0.0
1018087,0.0
1018087,0.0
1018087,0.0
1018087,0.0
1018087,0.0
1018087,0.0
1018087,0.0
1018087,0.0
1018087,0.0
1018087,0.0
1018087,0.0
1018087,0.0
1018087,0.0
1018087,0.0
1018087,-13.0
1018087,0.0
1018087,0.0
1018087,0.0
1018087,0.0
1018087,0.0
2785350,
2785350,0.0
2785350,0.0
2785350,0.0
2785350,0.0
2785350,0.0
2785350,0.0
2785350,0.0
2785350,0.0
2785350,0.0
2785350,0.0
2785350,0.0
2785350,-117.0
2785350,0.0
2785350,0.0
2785350,0.0
2785350,0.0
2785350,0.0
2785350,0.0
2785350,0.0
2785350,0.0
2785350,0.0
2785350,0.0
2785350,0.0
2785350,0.0
2785350,0.0
2785350,0.0
2785350,0.0
2785350,0.0
2785350,0.0
2785350,0.0
2785350,0.0
2785350,0.0
2785350,0.0
2785350,0.0
2785350,0.0
2785350,-6.0
2785350,0.0
2785350,0.0
2785350,0.0
2785350,0.0
2785350,0.0
2785350,0.0
2785350,0.0
2785350,0.0
2785350,0.0
2785350,0.0
2785350,0.0
2785350,0.0
2785350,0.0
2785350,0.0
2785350,0.0
2785350,0.0
2785350,0.0
2785350,0.0
2785350,0.0
2785350,0.0
2785350,0.0
2785350,0.0
2785350,0.0
2785350,-10.0
2785350,0.0
2785350,0.0
2785350,0.0
2785350,0.0
2785350,0.0
1018085,
1018085,0.0
1018085,0.0
1018085,0.0
1018085,0.0
1018085,0.0
1018085,0.0
1018085,0.0
1018085,0.0
1018085,0.0
1018085,0.0
1018085,0.0
1018085,0.0
1018085,0.0
1018085,0.0
1018085,0.0
1018085,0.0
1018085,0.0
1018085,0.0
1018085,0.0
1018085,0.0
1018085,0.0
1018085,0.0
1018085,0.0
1018085,0.0
1018085,0.0
1018085,0.0
1018085,0.0
1018085,0.0
1018085,0.0
1018085,0.0
1018085,0.0
1018085,0.0
1018085,0.0
1018085,0.0
1018085,0.0
1018085,0.0
1018085,0.0
1018085,0.0
1018085,0.0
1018085,0.0
1018085,0.0
1018085,0.0
1018085,0.0
1018085,0.0
1018085,0.0
1018085,0.0
1018085,0.0
1018085,0.0
1018085,0.0
1018085,0.0
1018085,0.0
1018085,0.0
1018085,0.0
1018085,0.0
1018085,0.0
1018085,0.0
1018085,0.0
1018085,0.0
1018085,0.0
1018085,-1.0
1018085,0.0
1018085,0.0
1018085,0.0
1018085,0.0
1018085,0.0
2759545,
2759545,0.0
2759545,0.0
2759545,0.0
2759545,0.0
2759545,0.0
2759545,0.0
2759545,0.0
2759545,0.0
2759545,0.0
2759545,0.0
2759545,0.0
2759545,-9.0
2759545,0.0
2759545,0.0
2759545,0.0
2759545,0.0
2759545,0.0
2759545,0.0
2759545,0.0
2759545,0.0
2759545,0.0
2759545,0.0
2759545,0.0
2759545,0.0
2759545,0.0
2759545,0.0
2759545,0.0
2759545,0.0
2759545,0.0
2759545,0.0
2759545,0.0
2759545,0.0
2759545,0.0
2759545,0.0
2759545,0.0
2759545,-12.0
2759545,0.0
2759545,0.0
2759545,0.0
2759545,0.0
2759545,0.0
2759545,0.0
2759545,0.0
2759545,0.0
2759545,0.0
2759545,0.0
2759545,0.0
2759545,0.0
2759545,0.0
2759545,0.0
2759545,0.0
2759545,0.0
2759545,0.0
2759545,0.0
2759545,0.0
2759545,0.0
2759545,0.0
2759545,0.0
2759545,0.0
2759545,-8.0
2759545,0.0
2759545,0.0
2759545,0.0
2759545,0.0
2759545,0.0
2636186,
2636186,0.0
2636186,0.0
2636186,0.0
2636186,0.0
2636186,0.0
2636186,0.0
2636186,0.0
2636186,0.0
2636186,0.0
2636186,0.0
2636186,0.0
2636186,-56.0
2636186,0.0
2636186,0.0
2636186,0.0
2636186,0.0
2636186,0.0
2636186,0.0
2636186,0.0
2636186,0.0
2636186,-18.0
2636186,-1.0
2636186,0.0
2636186,0.0
2636186,0.0
2636186,0.0
2636186,0.0
2636186,0.0
2636186,0.0
2636186,0.0
2636186,0.0
2636186,0.0
2636186,-34.0
2636186,0.0
2636186,0.0
2636186,-6.0
2636186,0.0
2636186,0.0
2636186,0.0
2636186,0.0
2636186,0.0
2636186,0.0
2636186,0.0
2636186,0.0
2636186,0.0
2636186,-20.0
2636186,0.0
2636186,0.0
2636186,0.0
2636186,0.0
2636186,0.0
2636186,0.0
2636186,0.0
2636186,0.0
2636186,0.0
2636186,0.0
2636186,0.0
2636186,0.0
2636186,0.0
2636186,-29.0
2636186,0.0
2636186,0.0
2636186,0.0
2636186,0.0
2636186,0.0
1485696,
1485696,0.0
1485696,0.0
1485696,0.0
1485696,0.0
1485696,0.0
1485696,0.0
1485696,0.0
1485696,0.0
1485696,0.0
1485696,0.0
1485696,0.0
1485696,-89.0
1485696,0.0
1485696,0.0
1485696,0.0
1485696,0.0
1485696,0.0
1485696,0.0
1485696,0.0
1485696,0.0
1485696,0.0
1485696,0.0
1485696,0.0
1485696,0.0
1485696,-33.0
1485696,-3.0
1485696,-8.0
1485696,0.0
1485696,0.0
1485696,0.0
1485696,0.0
1485696,-26.0
1485696,0.0
1485696,0.0
1485696,0.0
1485696,0.0
1485696,0.0
1485696,0.0
1485696,0.0
1485696,0.0
1485696,0.0
1485696,0.0
1485696,0.0
1485696,1.0
1485696,-1.0
1485696,1.0
1485696,-1.0
1485696,0.0
1485696,0.0
1485696,0.0
1485696,0.0
1485696,0.0
1485696,0.0
1485696,0.0
1485696,0.0
1485696,0.0
1485696,0.0
1485696,0.0
1485696,0.0
1485696,0.0
1485696,0.0
1485696,0.0
1485696,0.0
1485696,0.0
1485696,0.0
1429036,
1429036,0.0
1429036,0.0
1429036,0.0
1429036,0.0
1429036,0.0
1429036,0.0
1429036,0.0
1429036,0.0
1429036,0.0
1429036,0.0
1429036,0.0
1429036,-12.0
1429036,0.0
1429036,0.0
1429036,0.0
1429036,0.0
1429036,0.0
1429036,0.0
1429036,0.0
1429036,0.0
1429036,0.0
1429036,0.0
1429036,0.0
1429036,0.0
1429036,0.0
1429036,0.0
1429036,0.0
1429036,0.0
1429036,0.0
1429036,0.0
1429036,0.0
1429036,0.0
1429036,0.0
1429036,0.0
1429036,0.0
1429036,-6.0
1429036,0.0
1429036,0.0
1429036,0.0
1429036,0.0
1429036,0.0
1429036,0.0
1429036,0.0
1429036,0.0
1429036,0.0
1429036,0.0
1429036,0.0
1429036,0.0
1429036,0.0
1429036,0.0
1429036,0.0
1429036,0.0
1429036,0.0
1429036,0.0
1429036,-4.0
1429036,0.0
1429036,0.0
1429036,0.0
1429036,0.0
1429036,-3.0
1429036,0.0
1429036,0.0
1429036,0.0
1429036,0.0
1429036,0.0
2777159,
2777159,0.0
2777159,0.0
2777159,0.0
2777159,0.0
2777159,0.0
2777159,0.0
2777159,0.0
2777159,0.0
2777159,0.0
2777159,0.0
2777159,0.0
2777159,-9.0
2777159,0.0
2777159,0.0
2777159,0.0
2777159,0.0
2777159,0.0
2777159,0.0
2777159,0.0
2777159,0.0
2777159,0.0
2777159,0.0
2777159,0.0
2777159,0.0
2777159,0.0
2777159,0.0
2777159,0.0
2777159,0.0
2777159,0.0
2777159,0.0
2777159,0.0
2777159,0.0
2777159,0.0
2777159,0.0
2777159,0.0
2777159,-7.0
2777159,0.0
2777159,0.0
2777159,0.0
2777159,0.0
2777159,0.0
2777159,0.0
2777159,-3.0
2777159,0.0
2777159,0.0
2777159,0.0
2777159,0.0
2777159,0.0
2777159,0.0
2777159,0.0
2777159,0.0
2777159,0.0
2777159,0.0
2777159,0.0
2777159,0.0
2777159,-5.0
2777159,0.0
2777159,0.0
2777159,0.0
2777159,0.0
2777159,0.0
2777159,0.0
2777159,0.0
2777159,0.0
2777159,0.0
1498463,
1498463,0.0
1498463,0.0
1498463,0.0
1498463,0.0
1498463,-1.0
1498463,0.0
1498463,0.0
1498463,0.0
1498463,0.0
1498463,0.0
1498463,0.0
1498463,0.0
1498463,0.0
1498463,0.0
1498463,0.0
1498463,0.0
1498463,0.0
1498463,0.0
1498463,0.0
1498463,0.0
1498463,1.0
1498463,-1.0
1498463,0.0
1498463,0.0
1498463,0.0
1498463,0.0
1498463,0.0
1498463,0.0
1498463,0.0
1498463,0.0
1498463,0.0
1498463,0.0
1498463,0.0
1498463,0.0
1498463,0.0
1498463,1.0
1498463,0.0
1498463,0.0
1498463,-1.0
1498463,0.0
1498463,0.0
1498463,0.0
1498463,0.0
1498463,0.0
1498463,0.0
1498463,1.0
1498463,0.0
1498463,0.0
1498463,0.0
1498463,0.0
1498463,0.0
1498463,-1.0
1498463,0.0
1498463,0.0
1498463,0.0
1498463,0.0
1498463,0.0
1498463,0.0
1498463,0.0
1498463,0.0
1498463,0.0
1498463,0.0
1498463,0.0
1498463,0.0
1498463,0.0
2759546,
2759546,0.0
2759546,0.0
2759546,0.0
2759546,0.0
2759546,0.0
2759546,0.0
2759546,0.0
2759546,0.0
2759546,0.0
2759546,0.0
2759546,0.0
2759546,0.0
2759546,0.0
2759546,0.0
2759546,0.0
2759546,0.0
2759546,0.0
2759546,0.0
2759546,0.0
2759546,0.0
2759546,0.0
2759546,0.0
2759546,1.0
2759546,0.0
2759546,2.0
2759546,0.0
2759546,0.0
2759546,-3.0
2759546,0.0
2759546,0.0
2759546,0.0
2759546,0.0
2759546,0.0
2759546,0.0
2759546,0.0
2759546,2.0
2759546,0.0
2759546,0.0
2759546,0.0
2759546,0.0
2759546,0.0
2759546,-2.0
2759546,0.0
2759546,0.0
2759546,0.0
2759546,0.0
2759546,0.0
2759546,0.0
2759546,0.0
2759546,0.0
2759546,0.0
2759546,0.0
2759546,0.0
2759546,0.0
2759546,0.0
2759546,0.0
2759546,0.0
2759546,0.0
2759546,0.0
2759546,0.0
2759546,0.0
2759546,0.0
2759546,0.0
2759546,0.0
2759546,0.0
1018084,
1018084,0.0
1018084,0.0
1018084,0.0
1018084,0.0
1018084,0.0
1018084,0.0
1018084,0.0
1018084,0.0
1018084,0.0
1018084,0.0
1018084,0.0
1018084,0.0
1018084,0.0
1018084,0.0
1018084,0.0
1018084,0.0
1018084,0.0
1018084,0.0
1018084,0.0
1018084,0.0
1018084,0.0
1018084,0.0
1018084,0.0
1018084,0.0
1018084,0.0
1018084,0.0
1018084,0.0
1018084,0.0
1018084,0.0
1018084,0.0
1018084,0.0
1018084,0.0
1018084,0.0
1018084,0.0
1018084,0.0
1018084,0.0
1018084,0.0
1018084,0.0
1018084,0.0
1018084,0.0
1018084,0.0
1018084,0.0
1018084,0.0
1018084,0.0
1018084,0.0
1018084,0.0
1018084,0.0
1018084,0.0
1018084,0.0
1018084,0.0
1018084,0.0
1018084,0.0
1018084,0.0
1018084,0.0
1018084,0.0
1018084,0.0
1018084,0.0
1018084,0.0
1018084,0.0
1018084,0.0
1018084,0.0
1018084,0.0
1018084,0.0
1018084,0.0
1018084,0.0
1018092,
1018092,0.0
1018092,0.0
1018092,0.0
1018092,0.0
1018092,0.0
1018092,0.0
1018092,0.0
1018092,0.0
1018092,0.0
1018092,0.0
1018092,0.0
1018092,0.0
1018092,0.0
1018092,0.0
1018092,0.0
1018092,0.0
1018092,0.0
1018092,0.0
1018092,0.0
1018092,0.0
1018092,0.0
1018092,0.0
1018092,0.0
1018092,0.0
1018092,0.0
1018092,0.0
1018092,0.0
1018092,0.0
1018092,0.0
1018092,0.0
1018092,0.0
1018092,0.0
1018092,0.0
1018092,0.0
1018092,0.0
1018092,0.0
1018092,0.0
1018092,0.0
1018092,0.0
1018092,0.0
1018092,0.0
1018092,0.0
1018092,0.0
1018092,0.0
1018092,0.0
1018092,0.0
1018092,0.0
1018092,0.0
1018092,0.0
1018092,0.0
1018092,0.0
1018092,0.0
1018092,0.0
1018092,0.0
1018092,0.0
1018092,0.0
1018092,0.0
1018092,0.0
1018092,0.0
1018092,0.0
1018092,0.0
1018092,0.0
1018092,0.0
1018092,0.0
1018092,0.0
2777158,
2777158,0.0
2777158,0.0
2777158,0.0
2777158,0.0
2777158,0.0
2777158,0.0
2777158,0.0
2777158,0.0
2777158,0.0
2777158,0.0
2777158,0.0
2777158,0.0
2777158,0.0
2777158,0.0
2777158,0.0
2777158,0.0
2777158,0.0
2777158,0.0
2777158,0.0
2777158,0.0
2777158,0.0
2777158,0.0
2777158,0.0
2777158,0.0
2777158,0.0
2777158,0.0
2777158,0.0
2777158,0.0
2777158,0.0
2777158,0.0
2777158,0.0
2777158,0.0
2777158,0.0
2777158,0.0
2777158,0.0
2777158,0.0
2777158,0.0
2777158,0.0
2777158,0.0
2777158,0.0
2777158,0.0
2777158,0.0
2777158,0.0
2777158,0.0
2777158,0.0
2777158,0.0
2777158,0.0
2777158,0.0
2777158,0.0
2777158,0.0
2777158,0.0
2777158,0.0
2777158,0.0
2777158,0.0
2777158,0.0
2777158,0.0
2777158,0.0
2777158,0.0
2777158,0.0
2777158,0.0
2777158,0.0
2777158,0.0
2777158,0.0
2777158,0.0
2777158,0.0
2741886,
2741886,0.0
2741886,0.0
2741886,0.0
2741886,0.0
2741886,0.0
2741886,0.0
2741886,0.0
2741886,0.0
2741886,0.0
2741886,0.0
2741886,0.0
2741886,0.0
2741886,0.0
2741886,0.0
2741886,0.0
2741886,0.0
2741886,0.0
2741886,0.0
2741886,0.0
2741886,0.0
2741886,0.0
2741886,0.0
2741886,0.0
2741886,0.0
2741886,0.0
2741886,0.0
2741886,0.0
2741886,0.0
2741886,0.0
2741886,0.0
2741886,0.0
2741886,0.0
2741886,0.0
2741886,0.0
2741886,0.0
2741886,0.0
2741886,0.0
2741886,0.0
2741886,0.0
2741886,0.0
2741886,0.0
2741886,0.0
2741886,0.0
2741886,0.0
2741886,0.0
2741886,0.0
2741886,0.0
2741886,0.0
2741886,0.0
2741886,0.0
2741886,0.0
2741886,0.0
2741886,0.0
2741886,0.0
2741886,0.0
2741886,0.0
2741886,0.0
2741886,0.0
2741886,0.0
2741886,0.0
2741886,0.0
2741886,0.0
2741886,0.0
2741886,0.0
2741886,0.0
2645489,
2645489,0.0
2645489,0.0
2645489,0.0
2645489,0.0
2645489,0.0
2645489,0.0
2645489,0.0
2645489,0.0
2645489,0.0
2645489,0.0
2645489,0.0
2645489,0.0
2645489,0.0
2645489,0.0
2645489,0.0
2645489,0.0
2645489,0.0
2645489,0.0
2645489,0.0
2645489,0.0
2645489,0.0
2645489,0.0
2645489,0.0
2645489,0.0
2645489,0.0
2645489,0.0
2645489,0.0
2645489,0.0
2645489,0.0
2645489,0.0
2645489,0.0
2645489,0.0
2645489,0.0
2645489,0.0
2645489,0.0
2645489,0.0
2645489,0.0
2645489,0.0
2645489,0.0
2645489,0.0
2645489,0.0
2645489,0.0
2645489,0.0
2645489,0.0
2645489,0.0
2645489,0.0
2645489,0.0
2645489,0.0
2645489,0.0
2645489,0.0
2645489,0.0
2645489,0.0
2645489,0.0
2645489,0.0
2645489,0.0
2645489,0.0
2645489,0.0
2645489,0.0
2645489,0.0
2645489,0.0
2645489,0.0
2645489,0.0
2645489,0.0
2645489,0.0
2645489,0.0
1018083,
1018083,0.0
1018083,0.0
1018083,0.0
1018083,0.0
1018083,0.0
1018083,0.0
1018083,0.0
1018083,0.0
1018083,0.0
1018083,0.0
1018083,0.0
1018083,0.0
1018083,0.0
1018083,0.0
1018083,0.0
1018083,0.0
1018083,0.0
1018083,0.0
1018083,0.0
1018083,0.0
1018083,0.0
1018083,0.0
1018083,0.0
1018083,0.0
1018083,0.0
1018083,0.0
1018083,0.0
1018083,0.0
1018083,0.0
1018083,0.0
1018083,0.0
1018083,0.0
1018083,0.0
1018083,0.0
1018083,0.0
1018083,0.0
1018083,0.0
1018083,0.0
1018083,0.0
1018083,0.0
1018083,0.0
1018083,0.0
1018083,0.0
1018083,0.0
1018083,0.0
1018083,0.0
1018083,0.0
1018083,0.0
1018083,0.0
1018083,0.0
1018083,0.0
1018083,0.0
1018083,0.0
1018083,0.0
1018083,0.0
1018083,0.0
1018083,0.0
1018083,0.0
1018083,0.0
1018083,0.0
1018083,0.0
1018083,0.0
1018083,0.0
1018083,0.0
1018083,0.0
2641191,
2641191,
2641191,
2641191,
2641191,
2641191,
2641191,
2641191,
2641191,
2641191,
2641191,
2641191,
2641191,
2641191,
2641191,
2641191,
2641191,
2641191,
2641191,
2641191,
2641191,
2641191,
2641191,
2641191,
2641191,
2641191,
2641191,
2641191,
2641191,
2641191,
2641191,
2641191,
2641191,
2641191,
2641191,
2641191,
2641191,
2641191,
2641191,
2641191,
2641191,
2641191,
2641191,
2641191,
2641191,
2641191,
2641191,
2641191,
2641191,
2641191,
2641191,
2641191,
2641191,
2641191,
2641191,
2641191,
2641191,
2641191,
2641191,
2641191,
2641191,
2641191,
2641191,
2641191,
2641191,
2641191,
2641194,
2641194,
2641194,
2641194,
2641194,
2641194,
2641194,
2641194,
2641194,
2641194,
2641194,
2641194,
2641194,
2641194,
2641194,
2641194,
2641194,
2641194,
2641194,
2641194,
2641194,
2641194,
2641194,
2641194,
2641194,
2641194,
2641194,
2641194,
2641194,
2641194,
2641194,
2641194,
2641194,
2641194,
2641194,
2641194,
2641194,
2641194,
2641194,
2641194,
2641194,
2641194,
2641194,
2641194,
2641194,
2641194,
2641194,
2641194,
2641194,
2641194,
2641194,
2641194,
2641194,
2641194,
2641194,
2641194,
2641194,
2641194,
2641194,
2641194,
2641194,
2641194,
2641194,
2641194,
2641194,
2641194,
2641195,
2641195,
2641195,
2641195,
2641195,
2641195,
2641195,
2641195,
2641195,
2641195,
2641195,
2641195,
2641195,
2641195,
2641195,
2641195,
2641195,
2641195,
2641195,
2641195,
2641195,
2641195,
2641195,
2641195,
2641195,
2641195,
2641195,
2641195,
2641195,
2641195,
2641195,
2641195,
2641195,
2641195,
2641195,
2641195,
2641195,
2641195,
2641195,
2641195,
2641195,
2641195,
2641195,
2641195,
2641195,
2641195,
2641195,
2641195,
2641195,
2641195,
2641195,
2641195,
2641195,
2641195,
2641195,
2641195,
2641195,
2641195,
2641195,
2641195,
2641195,
2641195,
2641195,
2641195,
2641195,
2641195,
2641196,
2641196,
2641196,
2641196,
2641196,
2641196,
2641196,
2641196,
2641196,
2641196,
2641196,
2641196,
2641196,
2641196,
2641196,
2641196,
2641196,
2641196,
2641196,
2641196,
2641196,
2641196,
2641196,
2641196,
2641196,
2641196,
2641196,
2641196,
2641196,
2641196,
2641196,
2641196,
2641196,
2641196,
2641196,
2641196,
2641196,
2641196,
2641196,
2641196,
2641196,
2641196,
2641196,
2641196,
2641196,
2641196,
2641196,
2641196,
2641196,
2641196,
2641196,
2641196,
2641196,
2641196,
2641196,
2641196,
2641196,
2641196,
2641196,
2641196,
2641196,
2641196,
2641196,
2641196,
2641196,
2641196,
2641197,
2641197,
2641197,
2641197,
2641197,
2641197,
2641197,
2641197,
2641197,
2641197,
2641197,
2641197,
2641197,
2641197,
2641197,
2641197,
2641197,
2641197,
2641197,
2641197,
2641197,
2641197,
2641197,
2641197,
2641197,
2641197,
2641197,
2641197,
2641197,
2641197,
2641197,
2641197,
2641197,
2641197,
2641197,
2641197,
2641197,
2641197,
2641197,
2641197,
2641197,
2641197,
2641197,
2641197,
2641197,
2641197,
2641197,
2641197,
2641197,
2641197,
2641197,
2641197,
2641197,
2641197,
2641197,
2641197,
2641197,
2641197,
2641197,
2641197,
2641197,
2641197,
2641197,
2641197,
2641197,
2641197,
2641198,
2641198,
2641198,
2641198,
2641198,
2641198,
2641198,
2641198,
2641198,
2641198,
2641198,
2641198,
2641198,
2641198,
2641198,
2641198,
2641198,
2641198,
2641198,
2641198,
2641198,
2641198,
2641198,
2641198,
2641198,
2641198,
2641198,
2641198,
2641198,
2641198,
2641198,
2641198,
2641198,
2641198,
2641198,
2641198,
2641198,
2641198,
2641198,
2641198,
2641198,
2641198,
2641198,
2641198,
2641198,
2641198,
2641198,
2641198,
2641198,
2641198,
2641198,
2641198,
2641198,
2641198,
2641198,
2641198,
2641198,
2641198,
2641198,
2641198,
2641198,
2641198,
2641198,
2641198,
2641198,
2641198,
2669217,
2669217,
2669217,
2669217,
2669217,
2669217,
2669217,
2669217,
2669217,
2669217,
2669217,
2669217,
2669217,
2669217,
2669217,
2669217,
2669217,
2669217,
2669217,
2669217,
2669217,
2669217,
2669217,
2669217,
2669217,
2669217,
2669217,
2669217,
2669217,
2669217,
2669217,
2669217,
2669217,
2669217,
2669217,
2669217,
2669217,
2669217,
2669217,
2669217,
2669217,
2669217,
2669217,
2669217,
2669217,
2669217,
2669217,
2669217,
2669217,
2669217,
2669217,
2669217,
2669217,
2669217,
2669217,
2669217,
2669217,
2669217,
2669217,
2669217,
2669217,
2669217,
2669217,
2669217,
2669217,
2669217,
2737336,
2737336,
2737336,
2737336,
2737336,
2737336,
2737336,
2737336,
2737336,
2737336,
2737336,
2737336,
2737336,
2737336,
2737336,
2737336,
2737336,
2737336,
2737336,
2737336,
2737336,
2737336,
2737336,
2737336,
2737336,
2737336,
2737336,
2737336,
2737336,
2737336,
2737336,
2737336,
2737336,
2737336,
2737336,
2737336,
2737336,
2737336,
2737336,
2737336,
2737336,
2737336,
2737336,
2737336,
2737336,
2737336,
2737336,
2737336,
2737336,
2737336,
2737336,
2737336,
2737336,
2737336,
2737336,
2737336,
2737336,
2737336,
2737336,
2737336,
2737336,
2737336,
2737336,
2737336,
2737336,
2737336,
2784961,
2784961,
2784961,
2784961,
2784961,
2784961,
2784961,
2784961,
2784961,
2784961,
2784961,
2784961,
2784961,
2784961,
2784961,
2784961,
2784961,
2784961,
2784961,
2784961,
2784961,
2784961,
2784961,
2784961,
2784961,
2784961,
2784961,
2784961,
2784961,
2784961,
2784961,
2784961,
2784961,
2784961,
2784961,
2784961,
2784961,
2784961,
2784961,
2784961,
2784961,
2784961,
2784961,
2784961,
2784961,
2784961,
2784961,
2784961,
2784961,
2784961,
2784961,
2784961,
2784961,
2784961,
2784961,
2784961,
2784961,
2784961,
2784961,
2784961,
2784961,
2784961,
2784961,
2784961,
2784961,
2784961,
2784962,
2784962,
2784962,
2784962,
2784962,
2784962,
2784962,
2784962,
2784962,
2784962,
2784962,
2784962,
2784962,
2784962,
2784962,
2784962,
2784962,
2784962,
2784962,
2784962,
2784962,
2784962,
2784962,
2784962,
2784962,
2784962,
2784962,
2784962,
2784962,
2784962,
2784962,
2784962,
2784962,
2784962,
2784962,
2784962,
2784962,
2784962,
2784962,
2784962,
2784962,
2784962,
2784962,
2784962,
2784962,
2784962,
2784962,
2784962,
2784962,
2784962,
2784962,
2784962,
2784962,
2784962,
2784962,
2784962,
2784962,
2784962,
2784962,
2784962,
2784962,
2784962,
2784962,
2784962,
2784962,
2784962,
2785673,
2785673,
2785673,
2785673,
2785673,
2785673,
2785673,
2785673,
2785673,
2785673,
2785673,
2785673,
2785673,
2785673,
2785673,
2785673,
2785673,
2785673,
2785673,
2785673,
2785673,
2785673,
2785673,
2785673,
2785673,
2785673,
2785673,
2785673,
2785673,
2785673,
2785673,
2785673,
2785673,
2785673,
2785673,
2785673,
2785673,
2785673,
2785673,
2785673,
2785673,
2785673,
2785673,
2785673,
2785673,
2785673,
2785673,
2785673,
2785673,
2785673,
2785673,
2785673,
2785673,
2785673,
2785673,
2785673,
2785673,
2785673,
2785673,
2785673,
2785673,
2785673,
2785673,
2785673,
2785673,
2785673,
2797394,
2797394,
2797394,
2797394,
2797394,
2797394,
2797394,
2797394,
2797394,
2797394,
2797394,
2797394,
2797394,
2797394,
2797394,
2797394,
2797394,
2797394,
2797394,
2797394,
2797394,
2797394,
2797394,
2797394,
2797394,
2797394,
2797394,
2797394,
2797394,
2797394,
2797394,
2797394,
2797394,
2797394,
2797394,
2797394,
2797394,
2797394,
2797394,
2797394,
2797394,
2797394,
2797394,
2797394,
2797394,
2797394,
2797394,
2797394,
2797394,
2797394,
2797394,
2797394,
2797394,
2797394,
2797394,
2797394,
2797394,
2797394,
2797394,
2797394,
2797394,
2797394,
2797394,
2797394,
2797394,
2797394,
2797395,
2797395,
2797395,
2797395,
2797395,
2797395,
2797395,
2797395,
2797395,
2797395,
2797395,
2797395,
2797395,
2797395,
2797395,
2797395,
2797395,
2797395,
2797395,
2797395,
2797395,
2797395,
2797395,
2797395,
2797395,
2797395,
2797395,
2797395,
2797395,
2797395,
2797395,
2797395,
2797395,
2797395,
2797395,
2797395,
2797395,
2797395,
2797395,
2797395,
2797395,
2797395,
2797395,
2797395,
2797395,
2797395,
2797395,
2797395,
2797395,
2797395,
2797395,
2797395,
2797395,
2797395,
2797395,
2797395,
2797395,
2797395,
2797395,
2797395,
2797395,
2797395,
2797395,
2797395,
2797395,
2797395,
